Date,ABT,ABBV,ABMD,ABC,AMGN,ANTM,,,
19/06/2019,0.010908655,-0.008178914,-0.000662846,0.007138678,0.006387313,0.009503,,,
20/06/2019,0.007233487,0.009406004,0.015723761,-0.0058099,0.007167478,0.000549696,,,
21/06/2019,0.000706381,0.005616543,-0.016479084,-0.012856475,0.016460235,0.008687292,,,
24/06/2019,-0.003411765,-0.00418888,-0.011209186,-0.011129529,-0.012185346,-0.01099537,,,
25/06/2019,-0.005548341,-0.162523901,0.01536517,0.009099617,-0.002110047,-0.018414622,,,
26/06/2019,-0.015194682,0.03500761,-0.021162375,-0.005932606,-0.006885708,-0.022231573,,,
27/06/2019,0.008799421,0.029411765,0.013154757,0.022081642,0.004640498,0.012838904,,,
28/06/2019,0.004899032,0.038857143,0.021809909,-0.004320916,0.00141289,-0.000743573,,,
1/07/2019,0.004637337,0.009350935,0.017390303,0.003870514,0.011232906,0.001807165,,,
2/07/2019,0.005444431,0.011307902,-0.013319749,-0.001518869,0.001556211,-0.007286361,,,
3/07/2019,0.008122425,0.009834299,-0.000611878,0.024923941,0.010394342,0.007553624,,,
5/07/2019,-0.002568893,-0.026280683,0.000535721,0.004338395,-0.013999364,0.004526487,,,
8/07/2019,-0.003863264,-0.024249897,-0.014112518,-0.001591452,-0.019898892,0.00239386,,,
9/07/2019,0.002115407,0.00028082,-0.001862053,0.004554253,-0.003566725,-0.002036946,,,
10/07/2019,0.00129002,0.005755194,-0.005790906,0.012127394,0.0037447,0.013231982,,,
11/07/2019,0.004567814,-0.005722261,0.040186076,0.013773796,-0.023426784,0.055432064,,,
12/07/2019,-0.021569313,-0.013475576,-0.012777632,-0.007511322,-0.017247191,0.0217191,,,
15/07/2019,-0.001310772,-0.000142288,-0.008032281,0.000890373,0.006802721,-0.011691574,,,
16/07/2019,-0.007755638,-0.015796215,-0.026210761,-0.010341377,0.007665228,-0.004692847,,,
17/07/2019,0.031265031,-0.012145749,0.024866995,-0.039775281,-0.00231025,-0.002357487,,,
18/07/2019,0.023320896,-0.00102459,0.010420672,0.015211795,0.014006551,-0.000393843,,,
19/07/2019,-0.003076572,0.004249084,-0.008752902,-0.014292301,-0.006405258,-0.008044128,,,
22/07/2019,0.006629329,-0.007878611,0.013437248,-0.00549579,-0.014014238,-0.001125381,,,
23/07/2019,0.007607585,-0.003970588,0.002651816,0.00893592,0.000682245,0.002684074,,,
24/07/2019,-0.001690331,-0.003986417,0.042581328,0.012585946,-0.001363559,-0.04520969,,,
25/07/2019,-0.006659894,-0.011858879,-0.013517431,-0.011048452,-0.00944416,0.017444879,,,
26/07/2019,-0.002840909,0.01650165,0.001653135,0.002211102,0.007064499,0.020513693,,,
29/07/2019,0.009116809,-0.008559622,0.011992958,0.012888992,0.004220372,-0.005533702,,,
30/07/2019,-0.002710333,0,0.011959555,0.017081279,0.002101318,0.004424779,,,
31/07/2019,-0.013701733,-0.008335814,-0.002399456,-0.017696123,0.057410031,-0.016786811,,,
1/08/2019,-0.011710677,-0.012308616,-0.264539058,0.052208835,-0.003108586,-0.005634568,,,
2/08/2019,-0.003020446,-0.006838906,-0.020744863,-0.013740458,0.00655914,-0.008124253,,,
5/08/2019,-0.030995106,-0.001836266,0.019489582,-0.019239275,-0.030552291,-0.023918505,,,
6/08/2019,0.02044252,-0.00705197,-0.019801496,-0.051747463,0.01630854,0.026161766,,,
7/08/2019,-0.00306387,-0.004786166,-0.052623703,0.020687195,-0.004987531,-0.01559923,,,
8/08/2019,0.011347518,0.015358362,0.009319223,0.023762376,0.009207802,0.007504363,,,
9/08/2019,0.012388967,0.001986249,-0.003651539,-0.005006258,0.059493603,-0.004573012,,,
12/08/2019,-0.022627569,-0.016010979,0.003769634,-0.000800457,0.04856051,-0.018550099,,,
13/08/2019,0.026340657,0.007438401,0.028322554,0.021515221,0.00165225,0.017375887,,,
14/08/2019,-0.033950972,-0.023227196,-0.035607406,-0.032713421,-0.035173685,-0.04879749,,,
15/08/2019,0,-0.008188976,0.010150949,-0.004285383,0.002212501,0.004433859,,,
16/08/2019,0.010007148,0.023023182,0.004946371,0.015935792,0.023631529,0.005216884,,,
19/08/2019,0.009200283,0.033059134,-0.003626755,0.004694298,0.009704931,-0.007730275,,,
20/08/2019,-0.011921459,-0.002253606,0.00166398,-0.016524217,-0.013737864,-0.025017373,,,
21/08/2019,0.004258339,0.01701551,0.016664071,0.00023175,0.00378993,0.004914281,,,
22/08/2019,-0.006242638,-0.000296121,-0.002042484,-0.008920297,-0.00254977,-0.025459161,,,
23/08/2019,-0.028920232,-0.022956161,-0.02993246,-0.023495032,-0.021335169,-0.002604765,,,
26/08/2019,0.014524594,0.007427619,0.004483359,0.02824994,0.031796263,0.00049927,,,
27/08/2019,0.006376323,-0.011886849,-0.001995379,-0.053783469,0.005257777,-0.035353729,,,
28/08/2019,0.006814106,0.006091061,0.005998106,-0.00332185,0.004988135,0.009988062,,,
29/08/2019,0.007124199,0.002270319,0.004236402,0.01110974,-0.002602159,0.023560931,,,
30/08/2019,0.005894836,-0.007248565,0.005520546,0.004395068,0.007923471,0.006659225,,,
3/09/2019,-0.014767932,-0.005171889,-0.048842389,0.021514525,-0.014859553,-0.013077394,,,
4/09/2019,0.001903402,0.014984709,-0.001415814,0.013564969,0.003892565,-0.014994188,,,
5/09/2019,0.019947756,0.009792106,0.037463191,0.010096267,0.006446297,-0.011839673,,,
6/09/2019,0.001629802,0.008802029,-0.004310118,0.0032543,0.000385264,-0.007324258,,,
9/09/2019,-0.021152952,-0.013605442,-0.013830967,0.009383689,-0.025947143,0.004290641,,,
10/09/2019,-0.011992401,0.022188906,0.026818693,-0.014346379,-0.027033706,0.00854462,,,
11/09/2019,0.0157433,0.019213846,-0.003909916,0.022240335,-0.005231879,-0.011005978,,,
12/09/2019,0.008163748,0.01928335,-0.015962736,-0.03588108,-0.009395425,-0.00660502,,,
13/09/2019,-0.011031569,-0.00451786,-0.008562919,-0.014413989,0.00757732,0.019825919,,,
16/09/2019,-0.010798623,0.000992767,0.022155464,0.004435387,-0.007111066,0.021732259,,,
17/09/2019,0.002639155,0.014451686,0,-0.007280105,0.013602638,-0.004988785,,,
18/09/2019,0.000717875,-0.004608939,0.000682271,-0.002163982,-0.008540057,-0.021376657,,,
19/09/2019,-0.004901961,0.00561246,0.008653695,0.019638554,0.003127564,0.014535923,,,
20/09/2019,0.004205214,0.010046044,0.002287854,0.005789909,0.006593407,-0.013153259,,,
23/09/2019,-0.005025126,0.007459594,-0.035017639,-0.014920113,0.004163705,-0.002737118,,,
24/09/2019,-0.008658009,0.000274236,-0.008924251,-0.013714967,-0.006118528,-0.012768496,,,
25/09/2019,0.005094614,-0.011788897,0.005044752,0.006408706,-0.002493004,-0.016882227,,,
26/09/2019,-0.00241371,0.026910806,-0.041180915,-0.014778325,-0.003468326,-0.021311475,,,
27/09/2019,-0.009920155,0.011076591,-0.009907121,-0.012926829,-0.002252022,-0.004648241,,,
30/09/2019,0.022360704,0.011623246,0.011370743,0.017173215,-0.00733559,0.010139257,,,
1/10/2019,-0.021871639,-0.032884311,-0.043172747,-0.002550711,-0.001653661,-0.006913786,,,
2/10/2019,-0.028225806,-0.015021166,-0.040068151,-0.013882124,-0.02060148,-0.002264721,,,
3/10/2019,0.019363762,0.023845834,0.022277985,0.004445542,0.018022303,0.001387137,,,
4/10/2019,0.011348218,0.010968179,0.013291026,0.006269978,0.01541896,0.014943542,,,
7/10/2019,-0.011586779,-0.004420038,-0.028478582,0.000122175,0.008078123,-0.003143223,,,
8/10/2019,-0.031219151,-0.010762814,-0.030043179,-0.020645004,-0.005528224,-0.022860225,,,
9/10/2019,0.012609859,-0.003127975,-0.001128597,0.002494699,0.003110975,0.011591372,,,
10/10/2019,0.008050314,0.01568895,0.019019522,0.005599104,0.010117444,-0.004281217,,,
11/10/2019,-0.006363863,-0.011014103,0.044967352,0.014105419,0.010670425,0.001348902,,,
14/10/2019,0.002386035,0.001765585,0.040497524,-0.004636408,0.010408367,-0.011492317,,,
15/10/2019,0.027060887,0.010032538,0.007704946,0.019857808,0.008723939,0.060131164,,,
16/10/2019,-0.002439619,0.003355705,0.004497667,0.034254808,-0.007084921,-0.015746766,,,
17/10/2019,0.007336757,0.005217391,-0.012033358,0.040092969,0.001722356,0.017263897,,,
18/10/2019,0.004976936,0.017567208,-0.006911398,0.001564246,-0.004126547,0.000601805,,,
21/10/2019,-0.013769779,0.010986137,0.003822019,-0.033244087,0.001035912,0.014715317,,,
22/10/2019,-0.013594611,0.007373868,-0.029209524,-0.00692361,0.009362834,0.028371597,,,
23/10/2019,0.009063819,-0.00154103,0.046244805,-0.004764118,-0.007371967,0.012526417,,,
24/10/2019,0.00110742,-0.01221865,0.006881889,0.00385289,-0.001278772,-0.015255588,,,
25/10/2019,0.003564405,-0.003515625,0.013225161,0.009537102,-4.92E-05,0.013796293,,,
28/10/2019,0.012369871,0.023520188,0.008610288,0.006797235,0.009652795,0.01748584,,,
29/10/2019,0.009557222,0.00178731,0.00565494,0.016935576,0.019413687,0.018567639,,,
30/10/2019,0.006710605,0.015165031,-0.017193836,-0.033982221,0.009043495,0.003007629,,,
31/10/2019,-0.004761338,-0.001380869,0.141992628,-0.005474665,0.011238619,-0.016016968,,,
1/11/2019,-0.011362277,0.027655563,0.044368436,0.017451394,0.022039859,0.006206333,,,
4/11/2019,-0.00532301,0.015168196,0.016744315,0.007252216,-0.016242257,0.003582641,,,
5/11/2019,0.001459499,-0.013857091,-0.013065965,-0.015657143,0.003124854,0.004710732,,,
6/11/2019,0.009472917,0.002932551,-0.013468787,-0.016486706,0.006137251,0.015824176,,,
7/11/2019,0.003248316,-0.000852827,0.02106146,-0.007437138,0.007347505,0.008834559,,,
8/11/2019,0.004197146,0.039019632,0.002236116,0.023667935,0.014312583,0.008292526,,,
11/11/2019,0.000238834,0.00528107,0.002094527,-0.023585454,-0.001854281,-0.010422206,,,
12/11/2019,0.006924546,0.009105767,0.015721556,0.017848644,0.002763933,0.016192011,,,
13/11/2019,-0.001422812,0.002545118,-0.015791357,0.00642974,-0.00741042,0.000246766,,,
14/11/2019,-0.001187366,0.011193169,0.004272533,0.00046463,-0.005326171,-0.006097131,,,
15/11/2019,0.018901569,0.011411617,0.010319077,0.013584117,0.010800915,0.056061842,,,
18/11/2019,-0.016917513,0.001128286,-0.202212964,0.005383734,-0.000860273,-0.01282654,,,
19/11/2019,0.000356041,0.003268342,0.035094615,0.000455737,0.017356233,-0.004353741,,,
20/11/2019,-0.004745521,-0.020444844,0.00493653,-0.002960938,0.004498886,-6.83E-05,,,
21/11/2019,-0.002503278,-0.007798165,0.007611336,0.008680754,0.010243448,0.003518961,,,
22/11/2019,0.000717017,-0.00543227,-0.024965177,0.022081304,0.012817136,-0.006468526,,,
25/11/2019,0.008956293,0.019872167,0.030604396,0.00421006,0.016468753,0.007058904,,,
26/11/2019,0.01100722,-0.000455789,0.035666684,-0.030781112,-0.00063955,-0.022627514,,,
27/11/2019,0,0.006953944,0.013023783,0.007512806,0.000639959,0.007693914,,,
29/11/2019,0.000351206,-0.006792709,-0.003099751,-0.006778895,0.00076746,-0.002729314,,,
2/12/2019,-0.011000585,-0.007979027,-0.020185544,-0.000910022,-0.00528289,-0.004261068,,,
3/12/2019,-0.001774938,-0.012409514,-0.005566538,-0.004554253,-0.003040946,-0.004314094,,,
4/12/2019,0.009720247,0.014543339,0.014334292,0.010637081,0.004768656,0.004158077,,,
5/12/2019,0.000704391,-0.005504587,-0.024859456,-0.006111363,-0.002009578,-0.00375809,,,
6/12/2019,0.00281558,0.002998155,0.000793357,0.00478251,0.00154235,-0.003597625,,,
9/12/2019,-0.018834815,-0.006208324,-0.039794948,-0.020965549,-0.004063823,-0.010306026,,,
10/12/2019,0.008227018,0.001388246,-0.010677528,0.004282903,0.004381067,0.005383771,,,
11/12/2019,0.004139073,0.001617375,-0.004895688,-0.001152605,0.000726993,-0.011449709,,,
12/12/2019,0.012483806,0.023414072,0.001565383,0.001500115,0.008461177,0.013613685,,,
13/12/2019,0.004420147,-0.010030429,0.015071169,-0.022352806,0.003178101,-0.001054778,,,
16/12/2019,0.000579039,0.018101093,-0.030464669,0.013081909,0.027287319,0.026960439,,,
17/12/2019,0.007638889,0.007268255,0.014860189,-0.032689623,-0.001480263,-0.003564329,,,
18/12/2019,-0.001493223,-0.008325933,-0.010730453,0.004810583,-0.003706144,0.008392378,,,
19/12/2019,0.004831474,-0.006268891,-0.042822439,0.00299222,-0.000413326,0.017190804,,,
20/12/2019,-0.007899256,0.005857835,-0.038600012,0.022315036,0.005044658,0.016028435,,,
23/12/2019,0.007962151,0.010751484,0.046350298,-0.000817089,-0.000123426,0.000594059,,,
24/12/2019,-0.000801374,-0.004432133,0.010912931,-0.002102804,-0.002880303,0.004353849,,,
26/12/2019,0,-0.000222593,-0.007486941,-0.004331538,-0.00177444,0.000853859,,,
27/12/2019,0.001374885,-0.007013247,-0.010174844,-0.001646091,-0.001529558,0.005446909,,,
30/12/2019,-0.006864989,-0.007623318,-0.011697288,-0.014957013,-0.005216743,-0.003622479,,,
31/12/2019,0.000691244,0.000225938,0.019726224,0.016499283,0.003329588,-0.010743179,,,
2/01/2020,0.00103615,0.011407274,-0.010434375,0.000705716,-0.004023728,-0.003840678,,,
3/01/2020,-0.012190914,-0.009491904,-0.011788401,-0.012576399,-0.006788838,-0.013261542,,,
6/01/2020,0.00523926,0.00789177,0.073252608,0.014641114,0.007673921,0.012025061,,,
7/01/2020,-0.005559416,-0.005704698,0.007316801,-0.007156265,-0.009404911,-0.00302879,,,
8/01/2020,0.004076403,0.007087411,-0.009204325,0.009689235,0.000756175,0.026507311,,,
9/01/2020,0.002667904,0.007707775,0.027477755,0.014160328,0.002980438,-0.003479901,,,
10/01/2020,-0.012494216,-0.012748032,0.029738562,0.004384953,-0.002804169,0.004340589,,,
13/01/2020,-0.002811621,-0.006063328,-0.110864276,-0.010225184,-0.005624108,-0.03574446,,,
14/01/2020,0.007283835,-0.003615002,0.027543129,0.031108532,0.013000169,0.000471793,,,
15/01/2020,0.019127595,0.012018141,0.030046894,0.028593943,0.007083333,0.015730261,,,
16/01/2020,0.01029984,0,0.019784173,0.000985006,-0.004964832,0.011606699,,,
17/01/2020,0.008155868,-0.014116065,-0.000881834,-0.004373497,0.004116424,0.001114571,,,
21/01/2020,0.008202247,-0.000113636,0.047605914,0.002086536,-0.016108327,0.001964701,,,
22/01/2020,0.02373788,-0.008864644,-0.02890843,0.008547945,-0.003577441,-0.00810484,,,
23/01/2020,-0.012301328,-0.022245155,0.000216896,-0.009453439,-0.007222809,0.002932358,,,
24/01/2020,-0.003637165,-0.020288495,-0.00802342,-0.024572181,-0.040205922,-0.023390276,,,
27/01/2020,-0.008960177,0.005745751,-0.00836157,-0.015744489,-0.011702646,-0.045378095,,,
28/01/2020,-0.000558098,-0.002975482,0.03064205,0.018167276,0.008477237,0.023009972,,,
29/01/2020,-0.004467277,-0.006804345,0.009839046,0.008416564,0.010273973,-0.059968311,,,
30/01/2020,0.000224366,-0.017067308,-0.010590416,-0.010905854,-0.004402377,-0.025722766,,,
31/01/2020,-0.0226559,-0.009293226,-0.002997056,-0.037353735,-0.044660623,-0.002294182,,,
3/02/2020,-0.000918063,0.015798568,-0.001825111,0.001636279,0.003841703,0.004335042,,,
4/02/2020,0.013439008,0.025030377,0.026620059,0.027887981,0.022731464,0.026048118,,,
5/02/2020,0.015074238,0.026908487,-0.000890519,0.038029288,0.045669717,0.05106632,,,
6/02/2020,-0.001004913,0.00634884,0.027683112,0.011373578,-0.002112615,-0.017401594,,,
7/02/2020,-0.017883089,0.058614361,-0.046426203,-0.0058391,-0.009159646,-0.020720434,,,
10/02/2020,0.004893593,0.026655109,-0.068642662,0.018055253,-0.008328609,0.000253183,,,
11/02/2020,0.009852775,0.013192612,0.009995404,0.010363248,0.006771612,0.012149702,,,
12/02/2020,-0.004261523,0.018645833,-0.0505062,0.012794755,-0.008560447,0.057482762,,,
13/02/2020,-0.001238878,-0.024951427,-0.012818977,-0.013155147,-0.017444934,0.009695946,,,
14/02/2020,0.01105097,-0.01363398,0.014684466,-0.001692763,0.00197274,-0.003513233,,,
18/02/2020,-0.008699532,-0.004678363,0.01064466,-0.000529886,-0.008009665,0.015546303,,,
19/02/2020,0.00540054,0.005661788,-0.006508876,0.00869473,0.00572872,0.005323194,,,
20/02/2020,-0.01007162,0.000956023,0.001072067,0.014716703,-0.00367779,-0.033282905,,,
21/02/2020,-0.01141759,0.007747002,-0.007972394,0.004868953,0.002926083,0.002619582,,,
24/02/2020,-0.032246998,-0.019165965,-0.008696174,-0.021340206,-0.022038691,-0.05839639,,,
25/02/2020,-0.041356493,-0.042516642,-0.039264323,-0.021068155,-0.034422618,-0.036396396,,,
26/02/2020,0.002834956,-0.008634223,-0.02965995,0.008393414,0.019773743,0.002804787,,,
27/02/2020,-0.026671583,-0.033819704,-0.000778766,-0.075979084,-0.051458935,-0.038374044,,,
28/02/2020,-0.027276171,0.003394989,-0.024095603,-0.026215498,-0.018525799,-0.002986116,,,
2/03/2020,0.059457354,0.034768405,0.032210835,0.033681214,0.062434286,0.055155782,,,
3/03/2020,-0.044357309,-0.012628256,-0.038168923,-0.014800367,-0.036663525,-0.054889962,,,
4/03/2020,0.052570842,0.047733242,0.033851723,0.052521253,0.052294296,0.156174429,,,
5/03/2020,-0.01912535,-0.012425068,0.00181547,-0.037729586,-0.013899865,-0.031239458,,,
6/03/2020,0.015151515,-0.019754994,0.016633228,-0.013337933,-0.00693004,-0.017307424,,,
9/03/2020,-0.057744067,-0.039968476,-0.00451999,-0.02960028,-0.058295751,-0.043835714,,,
10/03/2020,0.050116853,0.026504046,0.05346294,0.033625555,0.042496345,0.060151212,,,
11/03/2020,-0.034495549,-0.030618074,-0.08255934,-0.01289648,-0.039410058,-0.015242091,,,
12/03/2020,-0.042899219,-0.073541544,-0.093694171,-0.052612994,-0.082607601,-0.090454045,,,
13/03/2020,0.09245384,0.085994148,0.042710082,0.118151323,0.108977173,0.055150072,,,
16/03/2020,-0.097856705,-0.130022256,-0.002660692,-0.105555556,-0.066402771,-0.171265813,,,
17/03/2020,0.079147434,-0.016830483,0.019727605,0.111801242,0.101335595,0.063738618,,,
18/03/2020,-0.002893446,-0.027252807,0.008950086,-0.050614525,-0.014051973,-0.131587781,,,
19/03/2020,-0.060055513,0.000422357,-0.041214603,0.012121925,-0.029871144,-0.029425976,,,
20/03/2020,-0.087248322,-0.031522657,-0.071169312,-0.062674419,-0.052877843,-0.046199034,,,
23/03/2020,-0.076176471,-0.06277245,0.014021914,-0.082868131,-0.012324037,-0.088261392,,,
24/03/2020,0.109360076,0.046356589,0.085612815,0.080075747,0.088259022,0.126860545,,,
25/03/2020,0.015210217,0.006223144,0.022412473,-0.056355667,-0.045468024,0.099217639,,,
26/03/2020,0.071519435,0.087174201,0.015521819,0.116921035,0.027700114,0.089199057,,,
27/03/2020,-0.01648859,-0.01571177,-0.02634578,-0.028279468,-0.001108368,-0.053931345,,,
30/03/2020,0.064109442,0.03536535,0.025819334,0.077280509,0.051495436,0.034176534,,,
31/03/2020,-0.005419713,0.012626263,-0.025706423,0.004540295,-0.027580583,-0.015352589,,,
1/04/2020,-0.029654036,-0.036356477,-0.004684486,-0.025649718,-0.024268732,-0.05611346,,,
2/04/2020,0.037482043,0.023290656,-0.008305648,-0.027136727,0.055962793,-0.013579095,,,
3/04/2020,0.000125881,-0.023426061,-0.013121161,-0.030396948,-0.016612409,-0.038270495,,,
6/04/2020,0.041283826,0.032165735,0.062659123,0.060855668,0.030037486,0.110280374,,,
7/04/2020,-0.009670011,-0.004489634,0.01677093,0.010545834,-0.013233765,-0.007398547,,,
8/04/2020,0.036860735,0.042048017,0.022843304,0.012958716,0.049861098,0.102521759,,,
9/04/2020,0.012831077,0.015147658,0.024380879,-0.005887015,-0.004471007,-0.018460044,,,
13/04/2020,-0.002208275,0.006896552,-0.023050975,-0.02687621,0.000274964,-0.007960076,,,
14/04/2020,0.038322656,0.022789539,0.031715583,0.046459918,0.039080038,0.047727934,,,
15/04/2020,0.020192955,-0.003774504,-0.011217849,-0.012189667,-0.022045855,-0.006110869,,,
16/04/2020,0.055641082,0.000488878,0.004136894,-0.023208423,0.041027953,0.085319599,,,
17/04/2020,0.000104167,0.019423406,0.036329588,0.033727399,0.017626678,-0.014788111,,,
20/04/2020,0.020727008,0.006470941,0.001084207,0.004821168,0.006937056,-0.017250392,,,
21/04/2020,-0.040306122,-0.043219431,-0.01022864,-0.045190806,-0.024725275,-0.052545593,,,
22/04/2020,0.015204678,0.013812842,0.013556231,0.010868295,-0.006327194,0.054497333,,,
23/04/2020,-0.016129032,0.00699644,0.024170815,0.008786127,0.013956125,-0.005362032,,,
24/04/2020,0.001277411,0.018893223,-0.013117826,0.016502407,0.016301776,0.009826037,,,
27/04/2020,0.009462046,0.013159469,-0.02996677,0.023449831,0.026028441,0.022489777,,,
28/04/2020,-0.036756187,-0.022788995,0.005689117,-0.013769553,-0.019634534,-0.006813301,,,
29/04/2020,0.008965668,0.012083132,0.029683698,-0.002122194,-0.008330879,0.046193423,,,
30/04/2020,-0.002058951,-0.018624642,0.129784972,0.003581822,0.014977301,0.00042764,,,
1/05/2020,-0.024324031,0.007785888,-0.040575163,-0.036582646,-0.03444528,-0.0397535,,,
4/05/2020,-0.000222593,-0.011830034,-0.013570222,0.00046307,-0.000303057,0.005304745,,,
5/05/2020,0.035622843,0.042878085,0.028839779,0.017935663,0.023602269,0.01501845,,,
6/05/2020,-0.02096098,0.000585686,0.003705295,-0.028077754,0.000973092,-0.0161777,,,
7/05/2020,0.031949934,-0.014048232,0.007597239,0.037894737,-0.013779112,-0.018069618,,,
8/05/2020,-0.003085435,-0.003087153,-0.006690384,-0.007324769,0.006385806,0.032363677,,,
11/05/2020,0.02529349,0.046927108,0.040305768,0.028947667,0.033727962,-0.00714468,,,
12/05/2020,-0.023628604,0.029124005,-0.017059761,-0.022727273,-0.022781577,0.002166171,,,
13/05/2020,-0.017484009,-0.01757683,-0.029745413,-0.050011289,-0.001601956,-0.018903869,,,
14/05/2020,-0.004123264,0.012040059,-0.007165948,-0.001426025,0.004855804,0.020463032,,,
15/05/2020,-0.020592722,0.008561263,0.003527433,0.02046888,0.009328515,0.017600995,,,
18/05/2020,0.004227389,0.008378349,0.03314947,0.040233236,-0.029184013,0.006724442,,,
19/05/2020,-0.022709649,-0.002951787,-0.0013609,0.004820628,-0.024700888,0.00407201,,,
20/05/2020,0.021197007,-0.000109649,0.029194402,0.034586634,0.001934661,-0.003913198,,,
21/05/2020,0.003330003,0.02006799,-0.000203707,-0.005176318,-0.013560363,-0.004714286,,,
22/05/2020,0.011948224,-0.009890346,0.050122249,0.009647696,0.007340511,-0.005633702,,,
26/05/2020,-0.021755767,-0.015092291,0.014163756,-0.025338201,-0.017797995,0.022770741,,,
27/05/2020,0.014304873,-0.008047624,-0.006313373,0.028089888,0.010836331,0.013513514,,,
28/05/2020,0.014764213,0.000555679,0.046207162,0.011464695,-0.003024776,0.014342907,,,
29/05/2020,0.030618893,0.029323559,0.030088333,0.009957627,0.024851649,0.009403851,,,
1/06/2020,-0.020122208,-0.021258228,0.010004466,-0.001992868,-0.012146278,-0.013872361,,,
2/06/2020,-0.004193098,0.003748622,0.019987618,0.036889122,-0.014058437,0.014377823,,,
3/06/2020,-0.013172101,-0.001647627,0.031995144,0.008412731,-0.012158055,-0.016757308,,,
4/06/2020,-0.034463895,0.023654968,-0.008485969,-0.00040205,-0.000542986,-0.024821101,,,
5/06/2020,0.018243626,0.008705933,0.058427252,-0.004826546,0.021685983,0.020560814,,,
8/06/2020,0.030046739,0.007884923,0.013970618,0.03364656,0.0003545,0.044114071,,,
9/06/2020,-0.024740709,0.016703668,-0.030319779,-0.023460411,-0.003765227,-0.031870654,,,
10/06/2020,0.020937188,0.007590725,0.021293054,-0.02952953,0.009871054,-0.008487681,,,
11/06/2020,-0.047526042,-0.047884417,-0.060793303,-0.035482207,-0.036192321,-0.083177376,,,
12/06/2020,0.014126225,0.002167787,0.025806452,0.014543899,-0.004568296,0.004536176,,,
15/06/2020,0.005953718,0.006705602,0.019240318,0.014124592,0.008627811,-0.012832092,,,
16/06/2020,0.00212172,0.032015471,0.011407462,0.030142397,0.032259532,0.019441162,,,
17/06/2020,0.012926231,-0.003331251,0.022437184,0.010493391,-0.00396703,-0.006394197,,,
18/06/2020,-0.006820682,0.005118028,-0.005378244,0.000998502,0.019250343,-0.000715038,,,
19/06/2020,0.00443066,0.004988049,0.014722135,0.018952618,0.036384161,0.003389448,,,
22/06/2020,-0.003749449,0.005790508,-0.009451943,-0.004111601,-0.018894009,-0.004579064,,,
23/06/2020,0.010626522,0.000411226,-0.008167753,-0.002260887,0.006661258,0.014252856,,,
24/06/2020,-0.04381161,-0.022299866,-0.043233827,-0.026206897,-0.013743372,-0.043421689,,,
25/06/2020,0.026575029,0.019445028,0.000372424,0.018514771,0.011182315,0.014340679,,,
26/06/2020,-0.010153983,-0.008866893,-0.010258532,-0.014800834,-0.009655055,-0.020498084,,,
29/06/2020,0.003381806,0.0032248,0.00397041,-0.001915709,-0.005497337,0.014159984,,,
30/06/2020,0.027187956,0.018042306,0.00557822,0.017981614,0.018569701,0.014309407,,,
1/07/2020,0.002296839,0.009777959,0.056549098,-0.013099137,0.081658611,0.021674652,,,
2/07/2020,0.006438237,-0.002622554,0.033774783,0.006435395,0.012229539,-0.006252791,,,
6/07/2020,0.00802342,0.001314725,0.008982717,0.006294335,-0.00770601,0.007490637,,,
7/07/2020,-0.005485641,0.003433997,-0.006085421,-0.024027006,-0.012097561,-0.01527881,,,
8/07/2020,0.001297859,-0.00070458,0.003968404,-0.011088505,-0.006162354,-0.008871607,,,
9/07/2020,0.011773601,-0.01349718,0.00015058,-0.008435346,0.00027823,-0.028719433,,,
10/07/2020,-0.006725739,-0.011333469,-0.004403794,0.006847183,-0.010410872,0,,,
13/07/2020,0.000537403,0.010637199,0.000151223,0.002266873,0.004015419,0.010117647,,,
14/07/2020,0.018584166,0.010320867,-0.000529201,0.021178164,0.012198048,0.022866682,,,
15/07/2020,0.02014343,0.016284009,0.046253924,0.025873351,0.000869256,0.014460849,,,
16/07/2020,-0.003411558,-0.005573248,-0.013013302,0.008243376,0.007461214,-0.011935049,,,
17/07/2020,0.029564315,0.009107286,0.042154996,0.016643956,0.012774295,0.00863342,,,
20/07/2020,-0.001712846,-0.012793811,0.021929362,-0.021637147,0.009633986,-0.027668281,,,
21/07/2020,-0.00898264,-0.021498895,0.026754703,0.019179959,-0.011649741,0.025907336,,,
22/07/2020,0.020368673,0.003080082,-0.004354088,-0.003264522,-0.003605909,0.008957134,,,
23/07/2020,0.006288053,0.003377687,-0.009082652,0.002119256,-0.018445015,0.006863367,,,
24/07/2020,-0.018547907,-0.009384882,-0.005533489,-0.002595405,-0.016888677,0.002074612,,,
27/07/2020,0.010510359,0.00051488,0.019355499,0.00231303,0.022864747,-0.024030463,,,
28/07/2020,-0.00130013,-0.004631536,-0.012457721,-0.018173077,0.006386753,0.004697148,,,
29/07/2020,0.026637292,0.003102058,0.01427651,0.011752032,-0.025149841,0.061569204,,,
30/07/2020,-0.009656652,-0.009998969,-0.000635239,-0.01103475,-0.010890094,-0.015520671,,,
31/07/2020,-0.008765882,-0.011765931,0.003445853,-0.019379466,-0.005972211,-0.012229878,,,
3/08/2020,0.000397456,0.010852386,0.028038941,0.042818645,0.010994401,-0.011139518,,,
4/08/2020,-0.007449344,-0.017198249,-0.009729204,0.002105666,-0.015240944,0.000517082,,,
5/08/2020,0.022115481,-0.011029802,0.038152939,-0.011461318,-0.008703149,0.017571708,,,
6/08/2020,-0.003818289,-0.007292225,-0.00637224,-0.01826087,0.000331304,-0.01512788,,,
7/08/2020,-0.005110565,0.003780923,-0.013207188,0.00482236,-0.003560339,0.019080595,,,
10/08/2020,-0.011755408,-0.005811451,-0.034746799,0.00920666,-0.010469899,0.007915853,,,
11/08/2020,-0.009796082,0.003139208,-0.017165522,-0.016110248,-0.014779359,0.005307513,,,
12/08/2020,0.016050878,0.03064638,0.025333198,0.021404616,0.030129981,0.010166589,,,
13/08/2020,0.004470939,-0.00869019,0.019944433,-0.00791888,-0.005212643,-0.003001624,,,
14/08/2020,-0.010979228,0.004119138,-0.003307715,0.00992894,-0.003119022,0.003187759,,,
17/08/2020,0.00720072,0.013463764,0.007157963,-0.003180723,0.013766635,-0.000423684,,,
18/08/2020,0.002482375,-0.007265179,0.01179131,-0.0056082,-0.006213736,-0.002331249,,,
19/08/2020,-0.004754358,0.004704652,0.003671775,-0.010987942,-0.004182195,0.003363427,,,
20/08/2020,0.011445064,-0.009365245,-0.013806267,-0.026251106,-0.007318392,-0.005822159,,,
21/08/2020,0.007576503,-0.003571429,-0.007870714,-0.008986268,-0.004565828,0.010221828,,,
24/08/2020,-0.009863281,-0.003689648,-0.008518386,-0.005909322,-0.008710655,-0.019217932,,,
25/08/2020,0.010651938,-0.004761401,0.020232825,0.007276827,0.053699537,-0.009636051,,,
26/08/2020,0.007026447,0.003083138,-0.016006686,-0.006308506,0.007896221,-0.022642601,,,
27/08/2020,0.078495978,-0.000529942,0.016201738,0.004812615,0.010512431,0.016209615,,,
28/08/2020,-0.004492767,-0.001378579,-0.025908068,-0.005910527,0.001226217,0.009796424,,,
31/08/2020,-0.011914433,0.016990549,0.015113516,-0.0053306,0.000790139,0.015291402,,,
1/09/2020,-0.026673975,-0.036859142,-0.000942722,-0.028135628,-0.009711037,-0.029980108,,,
2/09/2020,0.027123416,0.018538595,0.017570689,0.042311771,0.028940445,0.025230702,,,
3/09/2020,-0.035727339,-0.022139436,-0.059859943,-0.007223522,-0.039555246,-0.010608279,,,
4/09/2020,-0.01298209,0,-0.061630557,-0.010043042,0.001976524,-0.002815884,,,
8/09/2020,-0.012672811,-0.017960161,-0.027909674,-0.012836439,-0.029066023,-0.032618927,,,
9/09/2020,0.028879813,0.015628464,0.036317536,0.008808725,0.018202173,0.000785899,,,
10/09/2020,-0.017106134,-0.021608643,-0.021264347,-0.02006237,-0.020075742,-0.024605489,,,
11/09/2020,0.006730769,0.000557724,-0.008271451,-0.002015487,0.010679854,-0.010772888,,,
14/09/2020,0.009455587,0.008807135,0.021981688,0.005527211,0.014555323,0.029337674,,,
15/09/2020,0.008420853,0.004641397,0.012549873,0.003171247,0.006484296,-0.020519578,,,
16/09/2020,-0.008256709,-0.012429876,-0.017015332,0.019915701,-0.002375679,0.013338459,,,
17/09/2020,0.009082308,-0.001670751,0.006304435,0.000206633,0.001291572,-0.00235187,,,
18/09/2020,0.001875117,0.00535535,-0.040088361,0.00020659,-0.001451145,0.004524715,,,
21/09/2020,-0.008515815,-0.011319498,0.002980345,-0.010430652,-0.018286775,-0.024527802,,,
22/09/2020,-0.010854176,-0.005500056,0.011773114,-0.005844291,0.017722768,-0.039850995,,,
23/09/2020,-0.019751908,-0.016478555,-0.03301238,-0.011757296,-0.019838384,-0.006910766,,,
24/09/2020,-0.017619001,-0.014115217,0.009073084,0.005523688,-0.009357352,0.012411997,,,
25/09/2020,0.025069362,0.003724828,0.015125538,0.022607226,0.014563915,0.026006914,,,
28/09/2020,0.009569841,0.012176737,0.026685182,0.008057851,0.01316545,0.007091087,,,
29/09/2020,0.007181157,-0.004468378,-0.003984646,-0.014552162,0.005141076,0.010620089,,,
30/09/2020,0.03460405,0.008056163,0.016883212,0.007903494,0.023600483,0.033873513,,,
1/10/2020,-0.001745842,-0.005137573,-0.059950913,-0.016095749,0.004839471,0.005882572,,,
2/10/2020,-0.019698085,-0.011705302,0.005912843,0.000209732,-0.039077489,0.017914646,,,
5/10/2020,0.019342723,0.021017185,0.033207374,0.010589222,0.043193024,0.035562343,,,
6/10/2020,-0.021278556,-0.023200273,-0.021685323,-0.007884635,-0.012968243,-0.004038063,,,
7/10/2020,0.014023529,0.013738503,0.014047277,-0.000418279,0.019707943,0.033422648,,,
8/10/2020,0.007425283,0.003100953,0.009905414,0.030337901,-0.068226802,0.000579967,,,
9/10/2020,0.010226645,0.004121823,0.008702065,-0.016549904,-0.014119705,0.003818746,,,
12/10/2020,0.012767898,0.007069555,0.015682117,0,0.011871567,0.014129955,,,
13/10/2020,-0.024133273,-0.005548007,-0.003239158,0.004232913,-0.000709782,-0.003784707,,,
14/10/2020,-0.005721141,-0.020038711,0.014045857,0.012028375,-0.007061085,-0.017146315,,,
15/10/2020,-0.003990719,-0.009759498,0.009720837,0.00924421,-0.011108773,0.008756927,,,
16/10/2020,0.02189713,0.012202276,0.010262016,0.001711122,0.003021148,0.006680231,,,
19/10/2020,-0.01486277,-0.022719369,-0.017488132,-0.017282958,-0.02125403,-0.015697106,,,
20/10/2020,0.002961866,-0.000711659,-0.013997939,0.00194274,0.001690434,-0.00349064,,,
21/10/2020,-0.022425249,-0.016142433,-0.017763845,-0.002653332,-0.009216789,0.017067894,,,
22/10/2020,0.033512697,0.017131138,0.021643434,0.01012995,-0.004323711,0.030422744,,,
23/10/2020,-0.015436609,0.00035583,0.01048474,0.006685575,-0.003596807,0.018317659,,,
26/10/2020,0.011225531,-0.004979843,0.024518513,-0.010163011,-0.009992957,-0.03542927,,,
27/10/2020,-0.003853211,-0.014418494,0.007595727,-0.007319305,-0.006358664,-0.002902419,,,
28/10/2020,-0.019893166,-0.026840769,-0.025851089,-0.019969278,-0.031683523,-0.043763383,,,
29/10/2020,-0.013343357,0.002236303,-0.100318021,-0.011598746,0.006654959,-0.043876837,,,
30/10/2020,0.001047619,0.054915086,-0.010722281,0.015646474,-0.004040033,-0.001683378,,,
2/11/2020,0.022547807,0.037015276,0.011791329,0.02987405,0.015073292,0.019978006,,,
3/11/2020,0.019352438,-0.003286119,0.023347067,0.032443905,-0.000681168,0.054663073,,,
4/11/2020,0.017981015,0.074351978,0.021625767,0.027802252,0.04666909,0.117222109,,,
5/11/2020,0.017932395,-0.008571429,0.022369014,0.004095628,0.007120219,-0.02519368,,,
6/11/2020,0.007839338,-0.008965738,-0.000697504,-0.013944223,-0.001293271,-0.019649562,,,
9/11/2020,-0.043960846,0.024448034,0.027184894,0.022222222,0.014373894,0.029011873,,,
10/11/2020,0.012981077,0.039423886,-0.038517936,0.035949558,0.028085106,0.019075091,,,
11/11/2020,0.016605,-0.00728229,0.001636661,-0.024981831,-0.003766556,-0.015796202,,,
12/11/2020,-0.006213937,-0.005603668,-0.003676471,-0.011459983,-0.014749263,0.020255435,,,
13/11/2020,0.005806163,0.014754098,0.014201051,0.019038643,0.000927722,0.009214355,,,
16/11/2020,0.009502664,-0.006865913,0.002388828,0.008231595,-0.002949107,0.000570639,,,
17/11/2020,-0.005366412,0.008641724,-0.010339138,-0.037794698,-0.017831488,-0.009935465,,,
18/11/2020,-0.029099593,-0.004939018,-0.013781351,-0.013824006,-0.020134228,-0.022617026,,,
19/11/2020,0.011205247,0.009623177,0.016528305,-0.014887858,-0.013566913,-0.032663317,,,
20/11/2020,-0.000990991,0.011738738,-0.008868852,-0.014131501,-0.006676459,-0.019977553,,,
23/11/2020,-0.014609072,0.013288378,-0.006636591,0.000199084,-0.004256845,0.016491067,,,
24/11/2020,-0.015191727,0.017420239,-0.002852532,0.026074841,-0.007920079,0.010558166,,,
25/11/2020,-0.01115138,0.00230858,-0.006963526,9.70E-05,-0.000680396,-0.015576225,,,
27/11/2020,0.011371112,0.006621881,0.030626943,0.000872854,0.020425764,0.012133959,,,
30/11/2020,0.005575172,-0.002955477,0.00809121,-0.000872093,-0.012321516,-0.004092072,,,
1/12/2020,0.002494918,-0.005163511,-0.021488508,-0.00892251,0.013691227,0.007639959,,,
2/12/2020,-0.003133929,0.009131103,-0.011036128,0.009100695,0.00657544,0.014495062,,,
3/12/2020,-0.005732779,-0.002381179,0.005994345,-0.015709853,0.001544845,0.014382164,,,
4/12/2020,0.0034409,0.024250525,0.021623445,0.014581281,0.010136177,0.000742965,,,
7/12/2020,-0.006672845,-0.013422819,-0.002677818,-0.033890076,-0.012041359,-0.012466359,,,
8/12/2020,-0.003545438,0.017479214,0.006473444,0.009448186,0.010995805,0.010806916,,,
9/12/2020,-0.004494382,0.009100195,-0.027371729,0.006770885,0.003974841,-0.013170535,,,
10/12/2020,0.001881114,-0.010858563,0.006687958,-0.01720898,-0.007352621,-0.014728049,,,
11/12/2020,0.004693954,-0.01069867,-0.035382376,-0.013183053,-0.003330996,-0.00749004,,,
14/12/2020,-0.002149131,-0.02012413,0.035480751,-0.009585968,0.009058927,-0.004174695,,,
15/12/2020,0.006180354,-0.013243762,0.028921605,0.019666392,0.004663122,0.010061271,,,
16/12/2020,-0.001023732,0.017700836,-0.004430564,-0.006664647,-0.009066065,-0.00951408,,,
17/12/2020,0.013415316,0.002389144,0.028635004,0.003761309,0.012257048,0.012377514,,,
18/12/2020,0.001746645,-0.004194871,0.040426965,-0.001316589,-0.011892406,-0.017320428,,,
21/12/2020,-0.008075617,-0.00708473,0.008248407,-0.009532502,-0.00516434,-0.007322447,,,
22/12/2020,0.001757794,-0.008774467,0.022041175,-0.00972663,-0.02780344,-0.010052876,,,
23/12/2020,-0.007665312,0.004669261,0.005689148,0.005376344,0.008823929,0.016650181,,,
24/12/2020,0.008375989,-0.000193648,-0.002104917,-0.002776635,-4.49E-05,0.001037782,,,
28/12/2020,-0.005168436,0.001840015,0.031310768,-0.00175312,0.003229713,0.013671559,,,
29/12/2020,0.005009741,0.012083132,0.025630373,0.003305785,0.014397496,0.004602256,,,
30/12/2020,0.001015416,0.005444126,0.009316673,-0.001647446,0.001322343,-0.000890784,,,
31/12/2020,0.009682774,0.017858839,0.000864411,0.008250825,0.012105472,0.022416813,,,
4/01/2021,-0.003470637,-0.016238917,-0.023041333,-0.012888707,-0.014178845,-0.007817123,,,
5/01/2021,0.012372835,0.010340575,0.018533135,0.013056995,0.004853084,-0.010923473,,,
6/01/2021,-0.002082202,-0.008638498,-0.003068816,0.086027005,0.02410432,0.041954935,,,
7/01/2021,0.009706976,0.010702785,0.006063244,0.037298672,0.003301179,0.027595029,,,
8/01/2021,0.002785265,0.005247868,0.001545308,-0.000908018,0.019100932,-0.000889205,,,
11/01/2021,-0.006899023,0.016313974,0.0016355,-0.024356994,-0.003857604,0.005013647,,,
12/01/2021,-0.018044027,0.006971198,0.000246465,-0.007731719,-0.0041251,-0.011777902,,,
13/01/2021,0.030411613,0.02432137,-0.002956848,-0.008449118,0.00486073,-0.012993608,,,
14/01/2021,-0.018814088,-0.00729213,-0.016681598,0.000189358,0.016488601,-0.023938504,,,
15/01/2021,0.011450382,-0.009943564,0.035751312,0.010980689,0.015848713,0.012092273,,,
19/01/2021,0.011410602,0.015019906,0.020049137,-0.030898876,0.01132429,-0.008363458,,,
20/01/2021,0.002842676,0.003922268,0.034403806,0.002801932,0.016474,-0.006703945,,,
21/01/2021,0.000531491,-0.012076008,0.0019835,0.01079102,-0.001307656,0.000559841,,,
22/01/2021,-0.000973882,-0.003595182,-0.001893505,0.027166142,0.005832639,-0.02365558,,,
25/01/2021,0.016660759,-0.003247339,0.001207243,-0.008259094,0.014201183,0.004075265,,,
26/01/2021,8.72E-05,-0.015384615,-0.02133096,0.018433611,0.005834306,-0.009037004,,,
27/01/2021,-0.003835091,-0.055238971,-0.036052686,-0.018375597,-0.029156999,-0.071515423,,,
28/01/2021,0.053372999,0.013814573,0.080736458,0.000561587,-0.013184099,0.035634283,,,
29/01/2021,0.026580281,-0.016601094,-0.019373187,-0.02525725,-0.025509586,-0.011746697,,,
1/02/2021,-0.008495833,-0.00175644,-0.018348887,0.025815739,-0.004141987,-0.014883157,,,
2/02/2021,-0.018769381,0.01143695,0.017492541,-0.011881373,0.000249553,0.021978398,,,
3/02/2021,-0.000166334,0.033632937,-0.062126265,-0.000852111,-0.014179384,-0.002107094,,,
4/02/2021,-0.00399268,0.014773259,-0.004444717,0.060551502,0.000590518,-0.013406623,,,
5/02/2021,0.035827627,0.001842808,0.009452552,-0.019924946,-0.003793947,-0.011924174,,,
8/02/2021,0.003789406,-0.017382507,-0.006069849,-0.010939922,0.005289438,-0.010830325,,,
9/02/2021,0.005220884,-0.013478098,-0.004234948,-0.009770486,-0.003872543,0.038234272,,,
10/02/2021,0.001118658,-0.012808349,9.25E-05,-0.010797729,0.007648426,-0.001774356,,,
11/02/2021,0.012371299,-0.002883229,-0.004868879,-0.016373389,-0.014342028,-0.017875708,,,
12/02/2021,0.010958688,0.006650602,0.01681479,0.006218311,0.009232471,-0.007376042,,,
16/02/2021,-0.001637682,-0.00229797,-0.016993544,-0.017208595,-0.018422495,-0.003646622,,,
17/02/2021,-0.006092798,0.020057582,-0.020075593,0.018767534,0.011896581,0.002175264,,,
18/02/2021,-0.01438227,-0.002163891,0.018273791,-0.000474789,-0.01307245,0.020947459,,,
19/02/2021,-0.018898015,-0.009900057,0.030706657,0.005795174,-0.003612437,-0.004589478,,,
22/02/2021,-0.003982445,0.01952195,-0.027773594,0.002361387,-0.000949545,0.002440926,,,
23/02/2021,-0.014279886,-0.00737904,-0.003284276,0.003298153,0.004277012,0.030065271,,,
24/02/2021,0.01307947,0.022772184,0.006496938,-0.011928243,-0.010625484,0.003972684,,,
25/02/2021,-0.006537016,-0.012512651,-0.010222991,-0.022338403,-0.010739597,-0.018149711,,,
26/02/2021,-0.014805067,0.003819994,0.012731301,-0.015848323,-0.011427567,0.009825473,,,
1/03/2021,0.020287193,0.006218675,-0.000893545,0.019264967,0.009425574,0.02734259,,,
2/03/2021,0.002618444,-0.005165575,0.003238142,0.010468159,-0.005946089,0.000577886,,,
3/03/2021,-0.027340243,-0.010570236,-0.05444038,-0.008729017,-0.007753999,0.009786306,,,
4/03/2021,-0.026598423,-0.009933465,-0.038914174,-0.003386878,-0.009064928,0.021543643,,,
5/03/2021,0.010688734,0.009938476,0.018908771,0.017865812,0.026226849,0.037668357,,,
8/03/2021,-0.013816631,-0.005529522,-0.05079344,0.025565201,0.000351293,0.017955635,,,
9/03/2021,0.009253654,0.006408444,0.038052602,0.024369826,0.005179755,-0.017108867,,,
10/03/2021,-0.007026564,0.011330649,-0.001752022,0.015436303,0.004235993,-0.000748996,,,
11/03/2021,0.014152572,-0.001203704,0.027305252,-0.017616024,0.005261785,0.004467364,,,
12/03/2021,-0.006892444,0.003244646,-0.002694089,0.027853632,-0.003503915,0.019998806,,,
15/03/2021,0.011909862,0.01885049,0.011958491,0.008324478,0.024309776,0.003189746,,,
16/03/2021,0.001016088,0.005260294,0.004915685,-0.008782716,0.018477708,0.002216972,,,
17/03/2021,-0.005075283,-0.05232768,-0.013055169,0.01010101,0.016436418,-0.004802515,,,
18/03/2021,0.004165958,-0.012090632,-0.019037616,0.014298246,0.000614075,0.033341132,,,
19/03/2021,0.018118703,-0.003372844,0.003178746,0.002508,0.006218804,0.002292539,,,
22/03/2021,0.01014553,0.023979888,0.021180081,0.003709455,0.015247621,-0.008443227,,,
23/03/2021,-0.008067836,-0.010009443,-0.024627646,-0.022174474,-0.018623093,0.001965028,,,
24/03/2021,-0.020499627,-0.016978253,-0.014767932,0.014063461,0.001754816,0.025694227,,,
25/03/2021,0.008727334,0.00795653,-0.000237925,0.017075496,0.003177578,0.016626486,,,
26/03/2021,0.025367493,0.020215633,0.024682124,0.011845918,0.02684264,0.01210238,,,
29/03/2021,0.001310723,0.007076807,0.014499005,0.002695191,0.008304991,-0.005224745,,,
30/03/2021,-0.020289618,0.000562166,0.013441476,8.40E-05,-0.020434578,-0.01429461,,,
31/03/2021,0.000751566,0.013390767,0.028559442,-0.008315135,-0.003763764,-0.014117389,,,
1/04/2021,-0.007510013,0.002772131,-0.010635961,-0.009994071,0.001446887,-0.014458838,,,
5/04/2021,0.007734992,-0.021931441,0.019534471,0.001026606,0.011437974,0.003194256,,,
6/04/2021,0.000917737,-0.007160354,0.00659409,-0.008717204,-0.011586382,-0.007382569,,,
7/04/2021,0.001166958,-0.001613209,-0.009270132,0.004224502,-0.003934163,-0.000227099,,,
8/04/2021,-0.002747481,0.008459272,0.028476078,-0.00884272,-0.004997582,0.001987564,,,
9/04/2021,0.009350476,0.013572102,0.012312358,0.011779991,0.00838464,0.023010003,,,
12/04/2021,0.001157982,0.006602195,-0.002097001,0.006249465,-4.02E-05,-0.00440431,,,
13/04/2021,0.016275611,-0.000277136,-0.009426316,-0.003573252,0.004057203,-0.001112904,,,
14/04/2021,-0.012275425,-0.021437812,0.001909264,0.007513661,-0.001320264,0.010027297,,,
15/04/2021,0.020082305,0.009348442,0.021143376,0.008813559,0.022073552,0.027521924,,,
16/04/2021,0.003308052,0.00954252,-0.020912942,0.005460349,0.002273351,0.008105207,,,
19/04/2021,0.001447527,0.006486887,-0.003358243,-0.001587434,0.001016777,0.010755551,,,
20/04/2021,-0.036376777,0.003867047,0.002064234,0.008368201,0.012384264,0.005847337,,,
21/04/2021,0.021666667,0.016234064,0.037988488,0.005477178,-0.00138921,0.007751126,,,
22/04/2021,0.007340946,-0.006768953,0.002218071,-0.002228458,-0.014413788,-0.013148321,,,
23/04/2021,-0.001538462,0.012085416,0.022218987,0.006286707,0.007763184,0.005713834,,,
26/04/2021,-0.005920039,8.98E-05,-0.008061989,-0.015782984,-0.005874801,-0.011624558,,,
27/04/2021,-0.007178985,0.000448873,-0.021740379,-0.007767477,-0.001526299,-0.001721809,,,
28/04/2021,-0.002054232,0.004396985,0.030942665,0.004461279,-0.072198487,-0.004192538,,,
29/04/2021,-0.00362289,-0.009291521,-0.080388416,0.016089835,-0.008449157,0.020651247,,,
30/04/2021,-0.007685315,0.005500947,-0.006843376,-0.00371134,0.021004644,-0.009503172,,,
3/05/2021,-0.00458028,0.028520179,-0.037695258,0.024751656,0.023952596,0.018951475,,,
4/05/2021,-0.01664854,-0.006801535,-0.011793675,0.016641086,0.008069117,0.013166744,,,
5/05/2021,0.00825251,0.016505707,-0.013803279,-0.055860151,0.008044955,-0.006510583,,,
6/05/2021,0.00236267,0.002591121,-0.016855614,-0.010015149,0.007820333,-0.001027961,,,
7/05/2021,0.001346915,-0.002842867,0.003685919,0.027458982,0.011579785,0.020194484,,,
10/05/2021,-8.41E-05,0.004060475,-0.047471446,0.019774946,-0.006254671,0.01344025,,,
11/05/2021,-0.00462418,-0.011443813,-0.008559706,-0.025557809,-0.001266725,-0.018437422,,,
12/05/2021,-0.017231185,0.000609278,-0.028719229,-8.33E-05,-0.005826397,-0.010950848,,,
13/05/2021,0.009454233,0.014265832,-0.035041322,-0.005246065,0.004943587,0.013532563,,,
14/05/2021,0.007322265,-0.001457976,0.0222679,-0.024610748,-0.002737335,-0.003843722,,,
17/05/2021,-0.013270222,0.003950872,-0.002271373,0.013645726,0.003978041,-0.000685401,,,
18/05/2021,0.002055851,0.002737617,0.018734839,-0.009821353,-0.006022664,-0.000558858,,,
19/05/2021,-0.005129082,-0.011603106,0.00370004,0.015305686,-0.00888942,-2.54E-05,,,
20/05/2021,0.012201409,0.010876133,0.008796263,0.01094829,0.013272735,-0.005846021,,,
21/05/2021,-0.005687606,-0.008453591,0.013061254,0.000249917,-0.003651808,0.012655639,,,
24/05/2021,0.001366004,-0.001808474,-0.0015,-0.012909136,-0.01298753,-0.004393052,,,
25/05/2021,0.009463722,-0.011646967,0.015380213,-0.029784003,-0.02320888,0.002054065,,,
26/05/2021,-0.013935811,0.001222067,-0.00567141,-0.002695887,-0.014256198,-0.000657978,,,
27/05/2021,-0.009079229,-0.020749782,0.012682892,0.002877572,-0.013582058,0.007470435,,,
28/05/2021,0.008298038,0.007834758,-0.00444289,-0.002347622,0.011176746,0.000955158,,,
1/06/2021,-0.093099014,-0.008745583,-0.017148078,-0.00366045,-0.018323947,-0.010044699,,,
2/06/2021,0.010492485,-0.007218608,0.00207365,0.006997901,0.006764278,-0.001902491,,,
3/06/2021,0.021515435,0.007271095,0.012737263,0.014593468,0.002466406,0.005515033,,,
4/06/2021,0.000824176,0.001336779,0.019940109,0.001027397,0.004708577,-0.006167223,,,
7/06/2021,0.006496477,0.005784977,0.005664744,0.011460828,0.001435508,-0.010427263,,,
8/06/2021,-0.019090909,-0.005928679,-0.006800618,-0.00304414,-0.001559931,0.007196094,,,
9/06/2021,0.010658017,0.014776571,0.016080506,-0.004240882,0.011401064,-0.015156928,,,
10/06/2021,0.010087116,0.019649123,0.014668845,0.030153322,0.021376086,-0.003964141,,,
11/06/2021,-0.002178847,-0.00705437,0.003555496,-0.009095419,-0.007643885,-0.001456702,,,
14/06/2021,0.005186061,-0.00017328,0.012299876,-0.00926235,-0.006508218,-0.000937817,,,
15/06/2021,-0.000633599,0.00372617,-0.003797009,0.002526741,-0.005555786,0.003806941,,,
16/06/2021,-0.003170003,-0.002590003,0.005236643,-0.005628833,-0.001125704,-0.016936385,,,
17/06/2021,0.014264946,-0.005453129,0.030695681,-0.0021122,0.004925286,-0.001691108,,,
18/06/2021,-0.011645615,-0.015491732,0.019065289,-0.031242062,-0.008639309,-0.022762764,,,
21/06/2021,0.010060727,0.014232673,0.020466459,0.019227408,0.006535948,0.019501097,,,
22/06/2021,-0.004307251,-0.000261483,0.00645975,0.00060024,-0.001373626,0.006880795,,,
23/06/2021,-0.001081471,-0.006102877,-0.016779241,-0.007541349,-0.005001876,-0.002691293,,,
24/06/2021,0.007758932,0.006491228,-0.030742928,-0.002849495,0.009383771,0.000925975,,,
25/06/2021,0.009131603,-0.015339027,-0.000865912,0.007447177,0.007179913,0.006581556,,,
28/06/2021,0.026437189,0.000177022,0.002888875,-0.013752794,0.000659304,0.000210073,,,
29/06/2021,0.013050994,-0.00619469,0.00265651,-0.002614607,-0.001564816,0.001732738,,,
30/06/2021,-0.01092057,0.003027605,-0.003702876,0.00043691,0.005320465,0.000628997,,,
1/07/2021,0.010609851,0.014382102,0.002563199,0.017032055,0.012923077,0.005290728,,,
2/07/2021,0.007511096,0.007964292,0.013134767,0.001545861,0.007290401,0.008806211,,,
6/07/2021,0.00660793,0.004862377,0.030565895,-0.01028983,-0.020305589,-0.005061983,,,
7/07/2021,0.008836896,0.008813618,0.0239356,-0.003292324,-0.001764827,0.005892431,,,
8/07/2021,-0.005088846,-0.003426124,-0.028368158,-0.005215577,0.004358194,-0.008619132,,,
9/07/2021,0.00402482,0.001976794,-0.000830667,0.00602936,0.00376617,0.011557383,,,
12/07/2021,-0.007766828,0.009006691,-0.008098039,0.00364805,-0.003384992,0.019119426,,,
13/07/2021,-0.001346688,0.002380345,-0.009343764,-0.011596711,0.001882391,0.005277245,,,
14/07/2021,-0.012473662,-0.004664575,-0.021401937,-0.00569127,-0.000530981,-0.007685932,,,
15/07/2021,-0.00435265,-0.001533742,-0.006756324,-0.003522367,0.007887209,0.002657757,,,
16/07/2021,0.007286131,0.002730841,0.02511364,-0.002474373,0.005392694,-0.006386953,,,
19/07/2021,0.01089269,-0.017702128,-0.010566702,-0.00248051,-0.004960477,-0.023247542,,,
20/07/2021,-0.000505093,0.005458326,0.028510584,0.034547069,0.000648482,0.014306524,,,
21/07/2021,0.002105618,0.008099957,-0.002286844,0.01485106,-0.008262789,-0.016284557,,,
22/07/2021,-0.006135485,0.004701257,0.002137215,0.013703265,-0.000449255,0.001850935,,,
23/07/2021,0.021564482,0.005530032,0.015392224,0.012266355,0.012176187,-0.005230289,,,
26/07/2021,-0.010596026,-0.003384381,-0.010714721,-0.004286539,-0.010657194,-0.00991394,,,
27/07/2021,0.002426372,0.001443246,-0.009353846,0.005132875,-0.00163212,0.010911493,,,
28/07/2021,0.00592605,0.005001695,0.005714996,-0.000576559,-0.001757397,-0.007056425,,,
29/07/2021,0.004729505,0.002699283,0.003119209,0.011290588,-0.007328557,0.011581081,,,
30/07/2021,-0.000908415,-0.021620257,0.007173424,-0.004400619,-0.00379444,-0.000832618,,,
2/08/2021,-0.00049595,-0.007308684,0.00372929,0.004583777,-0.007245177,0.016353741,,,
3/08/2021,0.009923917,0.006929407,-0.005603606,0.007985008,0.017890654,0.012810987,,,
4/08/2021,-0.004503767,-0.010064516,0.014332966,0.014873494,-0.064609964,0.000758936,,,
5/08/2021,0.005264457,0.000347584,0.053321256,-0.029151732,0.024878455,-0.047802017,,,
6/08/2021,-0.000327305,-0.005820014,-0.008542109,-0.010255148,-0.016410958,0.007353722,,,
9/08/2021,0.008103462,-0.003407602,0.002226206,-0.003398541,-0.009819683,-0.008248781,,,
10/08/2021,-0.003734979,0.00666316,-0.040242319,-0.010479913,0.000307166,0.002790179,,,
11/08/2021,-0.010105949,-0.009580213,-0.038533213,0.00226948,0.000745745,-0.025783714,,,
12/08/2021,0.01111477,0.016883574,0.007158935,0.006709158,8.77E-05,-2.72E-05,,,
13/08/2021,0.002035665,0.007263923,-0.001614055,-0.003915362,0.006706114,-0.000380818,,,
16/08/2021,0.013001788,0.016569368,0.00708845,0.004181651,0.006051898,0.024218346,,,
17/08/2021,0.008262474,0.010556541,0.014293211,0.007245773,0.0005626,0.010202184,,,
18/08/2021,-0.014002705,-0.019806117,0.006817628,-0.019513809,-0.018858131,-0.023222786,,,
19/08/2021,0.014443638,0.005456561,0.007708585,0.005734525,-0.010800564,0.012116317,,,
20/08/2021,0.00477251,0.00754685,0.044277786,0.002347812,-0.003832613,0.005559989,,,
23/08/2021,-0.003799873,0.004544689,0.010628824,0.001171156,0.009439449,-0.001719622,,,
24/08/2021,-0.002701844,0.002680965,0.016514596,-0.014037433,-0.005584116,-0.001563577,,,
25/08/2021,-0.006055777,0.006016043,0.001090543,0.000762712,-0.012434263,-0.00947578,,,
26/08/2021,0.005852173,0,0.001396609,-0.01083919,-0.000541541,-0.00833378,,,
27/08/2021,-0.007013629,-0.006810631,5.58E-05,0.026367606,0.005915022,0.007025698,,,
30/08/2021,0.010835541,0.008278976,0.006777676,-0.003086162,0.00605979,-0.005635012,,,
31/08/2021,0.003414324,0.001741727,0.00831117,0.022506693,0.006246375,0.012305367,,,
1/09/2021,0.008150669,-0.070458685,-0.001895813,0.003845839,-0.00966612,-0.01532802,,,
2/09/2021,0.00855573,-0.002226775,0.018058194,0.018747962,0.011685695,0.036710163,,,
3/09/2021,0.003502218,-0.003570791,0.007733283,0.001280205,0.00181448,-0.010993889,,,
7/09/2021,-0.00426555,-0.023203727,0.009418015,-0.007431677,-0.022220259,-0.002693212,,,
8/09/2021,0.005218475,0.012198477,-0.003748006,0.000805088,-0.00212343,-0.017897329,,,
9/09/2021,-0.008368201,-0.027999275,-0.023880039,-0.005711528,-0.02395074,0.001293975,,,
10/09/2021,0.006407251,-0.00550014,-0.01268314,-0.006391586,-0.008488728,-0.037476779,,,
13/09/2021,-0.016925466,0.007499063,-0.025470653,0.006758407,0.013894737,0.031131996,,,
14/09/2021,0.003395988,-0.009304057,0.004346591,-0.004448399,-0.003137689,-0.005886502,,,
15/09/2021,0.003463203,0.012114951,0.004667214,0.022016411,0.009674134,0.021966327,,,
16/09/2021,-0.000392188,0.002876496,0.007573625,-0.012480127,-0.003530005,0.001121435,,,
17/09/2021,-0.005100439,-0.003238342,-0.008019672,-0.006117685,0.009293338,0.012215288,,,
20/09/2021,-0.01514315,-0.012345679,-0.021464789,-0.0121487,-0.019463944,-0.006903457,,,
21/09/2021,0.002082165,0.007048872,-0.006880074,-0.003853407,0.001162196,0.005757495,,,
22/09/2021,-0.003836011,-0.006906206,0.01150758,0.004855967,-0.007986627,-0.009444166,,,
23/09/2021,0.005214601,0.008927732,0.004728336,0.003767712,0.006599888,0.012809928,,,
24/09/2021,-0.007422187,-0.002701192,-0.000713043,-0.002039984,-0.006696117,0.002708388,,,
27/09/2021,-0.030473587,0.006070795,-0.033936522,0.002698283,-0.002340714,0.018750164,,,
28/09/2021,-0.015259579,-0.003527664,-0.021272195,-0.010927179,-0.003941626,-0.007156096,,,
29/09/2021,0.006063669,0.013974287,-0.005312887,0.00997609,0.012389881,0.008037335,,,
30/09/2021,-0.011133434,-0.008912165,-0.012108889,-0.024897959,-0.010469986,-0.041152263,,,
1/10/2021,-0.00778803,0.01130991,-0.006727697,0.003013813,0.005972255,0.008395923,,,
4/10/2021,-0.014333248,-0.003300028,-0.029258034,-0.012352892,-0.011593119,-0.015242199,,,
5/10/2021,0.003029516,0.007173733,0.059260203,0.002366264,0.001986379,0.009049163,,,
6/10/2021,0.005264066,-0.001735001,0.014527627,-0.014416997,-0.008873785,-0.009289252,,,
7/10/2021,0.012189888,0.014178558,0.00889416,0.014285714,-0.004095628,0.028588413,,,
8/10/2021,0.004070902,0.002796067,-0.00931531,0.006747069,-0.00081293,0.014474859,,,
11/10/2021,-0.012754456,-0.007555316,-0.01477175,0.025383262,-0.010768126,-0.013620944,,,
12/10/2021,0.003764545,-0.016041327,0.005991269,-0.021813725,-0.02327044,-0.008978499,,,
13/10/2021,-0.002727583,-0.000368426,0.005716167,-0.007433392,0.008519491,-0.005404117,,,
14/10/2021,0.004871795,0.003501336,0.026841244,0.010686637,0.01556898,0.04064456,,,
15/10/2021,-0.000680446,0.003856395,0.018257165,-0.002081425,0.005126221,0.005989097,,,
18/10/2021,-0.005702613,-0.017378579,-0.000882261,-0.012347739,-0.022661663,-0.012313955,,,
19/10/2021,0.021571649,0.000186168,-0.004700051,0.012333164,0.017968788,0.014270627,,,
20/10/2021,0.033266298,0.008934388,-0.008557282,0.020110147,0.013927846,0.076952381,,,
21/10/2021,0.014110778,0.003228484,0.009410542,0.003762781,-0.00319565,0.014998231,,,
22/10/2021,0.013354658,0.003493932,0.007149394,0.00497107,0.001196229,0.006807463,,,
25/10/2021,-0.001104798,-0.005864028,0.005224601,-0.005838469,-0.007694513,0.002815341,,,
26/10/2021,0.01224522,0.009124424,-0.016157279,0.002936378,0.005057073,0.003865979,,,
27/10/2021,-0.003277921,-0.009955247,-0.010680448,-0.027732596,-0.010063255,-0.005868329,,,
28/10/2021,0,0.011715867,-0.004179001,0.009619406,0.002856036,-0.000737871,,,
29/10/2021,0.009239684,0.045591319,-0.032348313,0.010936205,-0.000965391,0.004084364,,,
1/11/2021,0.000387928,0.001220895,0.054059752,0.006474348,0.013625163,-0.014639303,,,
2/11/2021,-0.009539321,0.014981273,-0.000657162,0.019460956,0.021307021,-0.019964549,,,
3/11/2021,0.007751938,0.00892474,0.023616194,0.024680511,0.018062167,0.010542599,,,
4/11/2021,0.003030303,-0.004337841,0.014105357,-0.011770208,-0.014670151,-0.004757083,,,
5/11/2021,-0.036563638,0.001025115,-0.003745834,0.006231267,-0.005397106,-0.001301436,,,
8/11/2021,0.019538474,-0.009557945,-0.005418706,-0.012463745,-0.01122702,0.010733071,,,
9/11/2021,-0.002917981,-0.003877305,0.032244614,-0.010398476,0.001608554,0.008274924,,,
10/11/2021,0.010994226,0.009860739,-0.042493604,0.008101388,0.007085164,-0.012043151,,,
11/11/2021,-0.004459396,-0.001027837,0.002868633,7.96E-05,-0.007738849,0.013484257,,,
12/11/2021,0.009430255,0.002915202,0.012058667,-0.002784629,-0.000803555,0.014721248,,,
15/11/2021,0.007707279,-0.001111396,-0.034719721,-0.007340035,-0.018875065,-0.005995286,,,
16/11/2021,0.011202101,-0.003594659,0.009702606,-0.004500884,-0.009691418,-0.00904717,,,
17/11/2021,-0.017342807,0.007988318,-0.023426394,0.006539642,0.002093578,-0.001812015,,,
18/11/2021,-0.007619344,-0.002386025,-0.009606987,-0.001443812,-0.008745506,-0.008843791,,,
19/11/2021,-0.006267628,-0.007089775,-0.000617284,-0.031890112,0.010097049,-0.025054006,,,
22/11/2021,-0.012456638,-0.005075705,-0.013735698,0.004978427,-0.016255823,0.010091279,,,
23/11/2021,-0.006227048,0.027929096,-0.021293093,0.020970938,0.008878804,0.010157368,,,
24/11/2021,0.004739717,-0.001850606,0.02925224,-0.001779072,-0.002737985,0.002667233,,,
26/11/2021,0.006476373,-0.018118995,-0.034933981,-0.026004537,-0.014119723,-0.021822548,,,
29/11/2021,0.017079759,0.003261523,-0.021044236,0,0.011835497,0.001684636,,,
30/11/2021,-0.017652113,-0.013773633,-0.0135999,-0.037261915,-0.022558608,-0.02400173,,,
1/12/2021,0.007712491,0.005464955,-0.028813775,-0.014427646,0.009654063,-0.003889422,,,
2/12/2021,0.012939877,0.008282288,0.022014327,0.015077139,0.001842629,-0.012133943,,,
3/12/2021,0.014721919,0.016941901,-0.037799257,0.008290155,0.006313069,-0.011857708,,,
6/12/2021,0.016888002,0.021034918,0.025014137,0.018328195,0.031367319,0.021822785,,,
7/12/2021,-0.000377444,0.0013185,0.040986533,0.005214466,0.012117439,0.018879144,,,
8/12/2021,-0.000377586,0.002962719,0.011316167,0.011127845,0.010458073,0.011501799,,,
9/12/2021,0.001208733,0.01870846,-0.037699208,0.006950765,-0.004495855,0.008870832,,,
10/12/2021,0.013883649,0.0106323,-0.019700173,0.011833347,-0.007903279,0.027021875,,,
13/12/2021,0.011832998,0.008288834,0.020782276,-0.004954114,0.002370904,-0.002227378,,,
14/12/2021,-0.022212415,0.006165521,-0.003585262,0.006366308,0.011116893,0.009068924,,,
15/12/2021,0.019708139,0.023096865,0.013460982,0.003811841,0.025778984,0.022168963,,,
16/12/2021,0.003909708,0.01190202,-0.017308058,0.001696695,0.015188141,0.009739381,,,
17/12/2021,0.00749504,-0.017073911,0.017903226,0.00967898,-0.000359421,-0.00620702,,,
20/12/2021,-0.015534972,0.010267892,0.002154968,0.006630452,-0.011280899,-0.01267131,,,
21/12/2021,0.002148466,-0.006953997,0.050501217,0.012697405,0.004227465,0.015996905,,,
22/12/2021,0.027500554,0.016160062,0.03371463,0.001567275,0.002761181,0.016618513,,,
23/12/2021,0.00122311,0.007875805,0.025655213,0.013457476,0.010201779,0.003965544,,,
27/12/2021,0.016527738,0.009918101,0.01595639,0.01829692,0.006166495,0.00836058,,,
28/12/2021,-0.006998445,-0.000148798,-0.001089903,0.003487491,0.002664653,0.010206302,,,
29/12/2021,0.00512565,0.007217799,0.012309758,0.00740405,0.008105594,0.007453523,,,
30/12/2021,-0.001345704,0.004210993,0.000608004,0.003224839,-0.004964851,-0.001111895,,,
31/12/2021,-0.001843972,-0.003899066,-0.007982102,-0.006578456,-0.006623394,-0.007727711,,,
3/01/2022,-0.012079011,0.00014771,0.019823482,-0.002031756,0.007645464,0.002847651,,,
4/01/2022,-0.023518412,-0.001919953,-0.012831363,-0.009500829,0.005073007,-0.01439143,,,
5/01/2022,-0.004492892,0.005253033,-0.064686523,0.008678441,-0.011850421,0.00010913,,,
6/01/2022,-0.000147973,-0.004710385,-0.005204021,-0.015471698,0.00013325,-0.040962856,,,
7/01/2022,0.003107888,-0.002588183,-0.051004637,0.020467612,0.009415109,-0.01014905,,,
10/01/2022,-0.002213042,0.011195136,-0.039087948,0.011418269,0.01355097,0.006528886,,,
11/01/2022,0.003252994,0.004252511,0.040091265,0.013443256,0.008725094,0.036315465,,,
12/01/2022,-0.01459101,0.002336278,-0.011501097,-0.005423232,-0.002668044,-0.004187512,,,
13/01/2022,-0.030436733,-0.027460121,-0.02739118,-0.006042296,-0.003926476,-0.011066109,,,
14/01/2022,-0.01149248,0.017600359,-0.018155742,0.009711617,0.019536496,0.011883714,,,
18/01/2022,-0.012406367,0.006697579,-0.029347321,-0.017547724,-0.00650068,-0.008957403,,,
19/01/2022,-0.004108399,-0.011478286,0.032970791,-0.010612062,-0.010819826,0.000446339,,,
20/01/2022,-0.010630702,-0.016123068,0.002417058,0.003701186,-0.010376135,0.009881996,,,
21/01/2022,0.008980836,-0.007892956,0.006011561,-0.010234798,-0.00515509,-0.024650998,,,
24/01/2022,-0.015973933,0.001363843,0.02419805,0.000228102,-0.007201827,0.017981701,,,
25/01/2022,-0.004441932,0.007036925,-0.048406745,-0.003724819,-0.004600142,-0.022958843,,,
26/01/2022,-0.025959276,0.008565632,0.001010645,-0.003891347,-0.011109136,-0.024454666,,,
27/01/2022,0.003081536,0.012962825,-0.066769873,0.031711988,0.006560618,0.017248623,,,
28/01/2022,0.040767187,0.014341399,-0.00018031,0.015665602,0.022946429,0.014363399,,,
31/01/2022,0.016832868,-0.007468097,0.067159603,-0.004385965,-0.008728288,-0.002488181,,,
1/02/2022,-0.002039856,0.000803565,0.018521648,0.01071953,0.006779959,-0.004739336,,,
2/02/2022,0.022327044,0.011824818,0.021934628,-0.011477553,0.001093231,0.011984507,,,
3/02/2022,0.000538296,0.015221469,-0.056630731,0.013227513,-0.021360241,0.017178494,,,
4/02/2022,-0.003074322,-0.000568464,0.017657993,-0.009210908,-0.008614533,-0.0122402,,,
7/02/2022,-0.01279778,0.013366513,-0.019651615,0.020496303,0.006393229,0.007103482,,,
8/02/2022,0.00468567,0.006875745,0.066208943,0.020299835,0.078199794,0.036334913,,,
9/02/2022,0.014302371,-0.002160128,0.02229557,0.004780652,-0.015849965,0.004830814,,,
10/02/2022,-0.020921143,-0.003421788,-0.027886807,-0.009655751,-0.035288166,-0.022243114,,,
11/02/2022,-0.017767689,-0.004905052,-0.040018235,-0.009184683,-0.002709553,-0.021175699,,,
14/02/2022,-0.021595346,0.00697134,-0.014890442,-0.000427838,-0.017221735,-0.00879641,,,
15/02/2022,0.009773579,0.012307692,0.049134043,0.009273791,-0.001471441,0.013334234,,,
16/02/2022,-0.002419745,0.007667864,0.068001313,0.008835171,-0.005715817,0.019315833,,,
17/02/2022,-0.025064683,-0.006169877,-0.056265749,-0.004343866,-0.004401329,-0.015787867,,,
18/02/2022,-0.031431415,-0.0064841,-0.028426297,-0.00429245,-0.004105016,-0.011299685,,,
22/02/2022,0.006164911,0.010622787,-0.00583149,-0.00664311,0.002898945,-0.004997311,,,
23/02/2022,-0.002212578,0.008244023,-0.020091694,-0.007754696,-0.001851768,-0.003333258,,,
24/02/2022,0.012537313,-0.01015263,0.055868997,-0.011543701,-0.007828054,-0.001627008,,,
25/02/2022,0.031081536,0.029393543,0.017528998,0.029450167,0.035390158,0.026889387,,,
28/02/2022,-0.014622988,-0.011836298,-0.004995197,0.004298196,-0.002422587,-0.004055633,,,
1/03/2022,-0.020311723,-0.000541382,0.008849842,-0.003928997,-0.005607559,-0.000774593,,,
2/03/2022,0.018532622,0.012729366,0.007528151,0.007255054,0.015008215,0.026555925,,,
3/03/2022,0.005068129,0.005616099,-0.014785499,0.017272727,0.01771731,0.011931218,,,
4/03/2022,0.003637265,0.000997274,0.008162478,0.012579913,0.001160591,0.016673063,,,
7/03/2022,-0.021003212,-0.007372476,-0.048068341,-0.016700611,0.006225581,-0.046787182,,,
8/03/2022,-0.023136463,-0.015389762,-0.027625234,-0.002968793,-0.013910224,0.003388115,,,
9/03/2022,0.019636552,0.011484879,0.056303592,0.009833114,0.001557767,0.020391607,,,
10/03/2022,-0.011740856,0.002217146,-0.003651301,0.002331482,-0.019485008,0.016825322,,,
11/03/2022,-0.025470085,-0.000737414,-0.06161246,-0.011014572,0.008371888,-0.016779374,,,
14/03/2022,0.013155587,0.020394472,-0.032218697,0.010998893,0.001573083,-0.014894897,,,
15/03/2022,0.016966759,0.024852071,0.043559719,0.035853575,0.010252607,0.020421967,,,
16/03/2022,0.017024174,0.001090582,0.016883027,-0.005878856,0.000475039,0.006692467,,,
17/03/2022,0.014395715,0.016276834,0.044545547,0.011295681,0.018086071,0.015526103,,,
18/03/2022,0.010313531,0.003846396,-0.010791484,-0.00131406,0.001653523,-0.000230063,,,
21/03/2022,-0.005634953,0.005339196,0.007919035,0.007763158,0.000296296,-0.004225765,,,
22/03/2022,0.001067674,-0.000249922,0.021516594,-0.006985246,0.000634733,-0.009369748,,,
23/03/2022,-0.040774469,-0.009936879,-0.007372184,-0.00381303,-0.009684104,-0.019871061,,,
24/03/2022,0.007697571,0.011740942,0.033565894,0.007127302,0.01148689,0.025012441,,,
25/03/2022,0.009590901,0.006551036,-0.008056739,0.013629513,0.008105712,0.014839677,,,
28/03/2022,0.008743169,0.003967024,0.009188409,0.000258582,0.00703547,0.008382561,,,
